{
    "ene": {
        "acomm_add_top": 0,
        "act_no": 5,
        "adjp": {
            "W": 1.0,
            "X": 16413.953125,
            "Y": -441.18353271484375,
            "Z": 23589.08984375
        },
        "ajob_no": 0,
        "ani_reso": 60,
        "ani_reso_tm": 194,
        "anime_no": 7,
        "apos_no": 0,
        "area": [
            66
        ],
        "atk_tm": 0,
        "await_time": 0,
        "bcom_add_top": 0,
        "bep": {
            "W": 1.0,
            "X": 16507.541015625,
            "Y": -488.564697265625,
            "Z": 23175.064453125
        },
        "bjob_no": 0,
        "bloop": 0,
        "bpos_no": 0,
        "bwait_time": 0,
        "d_pd": 0.0,
        "d_pd2": 0.0,
        "dat_no": 0,
        "dist_c_e": 0.0,
        "dist_p_e": 0.0,
        "dmg": 0,
        "dmg_old": 0,
        "dmg_type": 67,
        "eroot": [
            205
        ],
        "fp": [
            0
        ],
        "fp2": [
            [
                0
            ]
        ],
        "hp": 250,
        "in_finder_tm": 24832,
        "move_box": {
            "com_add_top": 8265475,
            "idx": 0,
            "job_no": 0,
            "loop": 0,
            "pos": {
                "W": 17165.818359375,
                "X": 1.401298464324817e-43,
                "Y": 0.0,
                "Z": 0.0
            },
            "pos_mid": {
                "W": 0.0,
                "X": -1.8085956573486328,
                "Y": 0.0,
                "Z": 0.0
            },
            "pos_no": 0,
            "reserve": 0,
            "rot": {
                "W": 0.0,
                "X": 0.0,
                "Y": 0.0,
                "Z": 0.0
            },
            "rspd": {
                "W": 0.0,
                "X": -1.8084516525268555,
                "Y": 0.0,
                "Z": 0.0
            },
            "se": 33620226,
            "spd": {
                "W": 0.0,
                "X": 0.0,
                "Y": 0.0,
                "Z": 0.0
            },
            "tpos": {
                "W": 0.0,
                "X": 0.0,
                "Y": 23338.953125,
                "Z": 0.0
            },
            "trot": {
                "W": 1.7881393432617188e-07,
                "X": 0.0,
                "Y": 0.0,
                "Z": 0.0
            },
            "wait_time": 0
        },
        "mpos": {
            "p0": {
                "W": 0.0,
                "X": 4.5975033160217204e-39,
                "Y": 0.0,
                "Z": 0.0
            },
            "p1": {
                "W": 1.0,
                "X": 16701.919921875,
                "Y": -788.564697265625,
                "Z": 23222.150390625
            },
            "p2": {
                "W": 1.0,
                "X": 16817.396484375,
                "Y": -483.4024963378906,
                "Z": 23254.552734375
            },
            "p3": {
                "W": 1.0,
                "X": 16800.298828125,
                "Y": -640.943603515625,
                "Z": 23186.375
            },
            "p4": {
                "W": 1.0,
                "X": 16767.189453125,
                "Y": -647.7742309570313,
                "Z": 23308.93359375
            },
            "p5": {
                "W": 1.0,
                "X": 16796.01171875,
                "Y": -225.50633239746094,
                "Z": 23218.525390625
            },
            "p6": {
                "W": 0.0,
                "X": 0.0,
                "Y": 0.0,
                "Z": 0.0
            },
            "p7": {
                "W": 0.0,
                "X": 0.0,
                "Y": 0.0,
                "Z": 0.0
            },
            "p8": {
                "W": 0.0,
                "X": 0.0,
                "Y": 0.0,
                "Z": 0.0
            },
            "p9": {
                "W": 0.0,
                "X": 0.0,
                "Y": 0.0,
                "Z": 0.0
            }
        },
        "mylight": {
            "ambient": {
                "W": 0.0,
                "X": 1.401298464324817e-45,
                "Y": 0.0,
                "Z": 2.802596928649634e-45
            },
            "parallel": [
                {
                    "diffuse": {
                        "W": 0.0,
                        "X": -694.5419921875,
                        "Y": -1.0,
                        "Z": -335.404296875
                    },
                    "direction": {
                        "W": 0.0,
                        "X": 0.30000001192092896,
                        "Y": 0.30000001192092896,
                        "Z": 0.30000001192092896
                    }
                }
            ],
            "parallel_num": 0,
            "point": [
                {
                    "diffuse": {
                        "W": 0.0,
                        "X": 0.0,
                        "Y": 0.0,
                        "Z": 0.0
                    },
                    "pos": {
                        "W": 255.0,
                        "X": 0.30000001192092896,
                        "Y": 0.30000001192092896,
                        "Z": 0.30000001192092896
                    },
                    "power": 0.30000001192092896
                }
            ],
            "point_num": 0,
            "spot": [
                {
                    "diffuse": {
                        "W": 0.0,
                        "X": 0.0,
                        "Y": 0.0,
                        "Z": 0.0
                    },
                    "direction": {
                        "W": 0.0,
                        "X": 0.0,
                        "Y": 0.0,
                        "Z": 0.0
                    },
                    "intens": 0.0,
                    "pos": {
                        "W": 0.0,
                        "X": 0.30000001192092896,
                        "Y": 255.0,
                        "Z": 0.0
                    },
                    "power": 0.0
                }
            ],
            "spot_num": 0
        },
        "nee_col": 0,
        "nee_rate": 0.0,
        "nee_size": 0.0,
        "pa_radius": 0.4000000059604645,
        "plight_svm": [
            62
        ],
        "plight_svo": 204,
        "pp": {
            "W": 0.0,
            "X": 2300.472900390625,
            "Y": -800.0,
            "Z": -1925.571044921875
        },
        "pr_anime": 0.0,
        "pra_per": 0.0,
        "pra_time": 0,
        "recog_tm": 0,
        "room_no": 0,
        "se_area_no": 88,
        "se_omen": [
            0
        ],
        "si": {
            "W": 0.0,
            "X": 0.699999988079071,
            "Y": 69999.9921875,
            "Z": 0.0
        },
        "slight_svm": [
            205
        ],
        "slight_svo": 204,
        "sp": {
            "W": 0.2549999952316284,
            "X": 0.00022000000171829015,
            "Y": 0.0002099999983329326,
            "Z": 0.00020000000949949026
        },
        "sta": 33554457,
        "sta2": 0,
        "stm_slow": 0,
        "stm_stop": 0,
        "stm_view": 0,
        "tr_max": 150,
        "tr_rate": 0,
        "tr_rate2": 0,
        "tr_time": 0,
        "type": 1
    }
}
